<?xml version="1.0" encoding="UTF-8"?>
<entity-facade-xml type="demo">
    <moqui.service.message.SystemMessageRemote systemMessageRemoteId="DEMO_SHOPIFY_PRODUCTS_REMOTE" systemMessageTypeId="ShopifyProductMessage" sendUrl="https://b6318f782c52bda768d23f5a404b51b6:46b500e80f0deb116279047f2d9df084@moquidemo.myshopify.com/admin/api/2022-07/products.json" productStoreId="SHOPIFY_STORE" username="b6318f782c52bda768d23f5a404b51b6" password="46b500e80f0deb116279047f2d9df084"/>
    <moqui.service.message.SystemMessageRemote systemMessageRemoteId="DEMO_SHOPIFY_PUT_PRODUCTS_REMOTE" systemMessageTypeId="ShopifyUpdateProductMessage" sendUrl="https://b6318f782c52bda768d23f5a404b51b6:46b500e80f0deb116279047f2d9df084@moquidemo.myshopify.com/admin/api/2022-07/products/" productStoreId="SHOPIFY_STORE" username="b6318f782c52bda768d23f5a404b51b6" password="46b500e80f0deb116279047f2d9df084"/>
    <moqui.service.message.SystemMessageRemote systemMessageRemoteId="DEMO_SHOPIFY_CREATE_COLLECTION_REMOTE" systemMessageTypeId="ShopifyCreateCollectionMessage" sendUrl="https://b6318f782c52bda768d23f5a404b51b6:46b500e80f0deb116279047f2d9df084@moquidemo.myshopify.com/admin/api/2022-07/custom_collections.json" productStoreId="SHOPIFY_STORE" username="b6318f782c52bda768d23f5a404b51b6" password="46b500e80f0deb116279047f2d9df084"/>
    <moqui.service.message.SystemMessageRemote systemMessageRemoteId="DEMO_SHOPIFY_DELETE_COLLECTION_REMOTE" systemMessageTypeId="ShopifyDeleteCollectionMessage" sendUrl="https://b6318f782c52bda768d23f5a404b51b6:46b500e80f0deb116279047f2d9df084@moquidemo.myshopify.com/admin/api/2022-07/custom_collections/" productStoreId="SHOPIFY_STORE" username="b6318f782c52bda768d23f5a404b51b6" password="46b500e80f0deb116279047f2d9df084"/>
    <moqui.service.message.SystemMessageRemote systemMessageRemoteId="DEMO_SHOPIFY_CREATE_COLLECT_REMOTE" systemMessageTypeId="ShopifyCreateCollectMessage" sendUrl="https://b6318f782c52bda768d23f5a404b51b6:46b500e80f0deb116279047f2d9df084@moquidemo.myshopify.com/admin/api/2022-07/collects.json" productStoreId="SHOPIFY_STORE" username="b6318f782c52bda768d23f5a404b51b6" password="46b500e80f0deb116279047f2d9df084"/>
    <moqui.service.message.SystemMessageRemote systemMessageRemoteId="DEMO_SHOPIFY_GET_COLLECTS_REMOTE" systemMessageTypeId="ShopifyGetCollectsMessage" sendUrl="https://b6318f782c52bda768d23f5a404b51b6:46b500e80f0deb116279047f2d9df084@moquidemo.myshopify.com/admin/api/2022-07/collects.json?collection_id=" productStoreId="SHOPIFY_STORE" username="b6318f782c52bda768d23f5a404b51b6" password="46b500e80f0deb116279047f2d9df084"/>
    <moqui.service.message.SystemMessageRemote systemMessageRemoteId="DEMO_SHOPIFY_DELETE_COLLECT_REMOTE" systemMessageTypeId="ShopifyDeleteCollectMessage" sendUrl="https://b6318f782c52bda768d23f5a404b51b6:46b500e80f0deb116279047f2d9df084@moquidemo.myshopify.com/admin/api/2022-07/collects/" productStoreId="SHOPIFY_STORE" username="b6318f782c52bda768d23f5a404b51b6" password="46b500e80f0deb116279047f2d9df084"/>
    <moqui.service.message.SystemMessageRemote systemMessageRemoteId="DEMO_SHOPIFY_GET_ORDERS_REMOTE" systemMessageTypeId="ShopifyGetOrdersMessage" sendUrl="https://b6318f782c52bda768d23f5a404b51b6:46b500e80f0deb116279047f2d9df084@moquidemo.myshopify.com/admin/api/2022-07/orders.json?financial_status=" productStoreId="SHOPIFY_STORE" username="b6318f782c52bda768d23f5a404b51b6" password="46b500e80f0deb116279047f2d9df084"/>
    <moqui.service.message.SystemMessageRemote systemMessageRemoteId="DEMO_SHOPIFY_SET_INVENTORY_REMOTE" systemMessageTypeId="ShopifySetInventoryMessage" sendUrl="https://b6318f782c52bda768d23f5a404b51b6:46b500e80f0deb116279047f2d9df084@moquidemo.myshopify.com/admin/api/2022-07/inventory_levels/set.json" productStoreId="SHOPIFY_STORE" username="b6318f782c52bda768d23f5a404b51b6" password="46b500e80f0deb116279047f2d9df084"/>
    <moqui.service.message.SystemMessageRemote systemMessageRemoteId="DEMO_SHOPIFY_PUT_CUSTOMER_REMOTE" systemMessageTypeId="ShopifyUpdateCustomerMessage" sendUrl="https://b6318f782c52bda768d23f5a404b51b6:46b500e80f0deb116279047f2d9df084@moquidemo.myshopify.com/admin/api/2022-07/customers/" productStoreId="SHOPIFY_STORE" username="b6318f782c52bda768d23f5a404b51b6" password="46b500e80f0deb116279047f2d9df084"/>
    <moqui.service.message.SystemMessageRemote systemMessageRemoteId="DEMO_SHOPIFY_CANCEL_ORDER_REMOTE" systemMessageTypeId="ShopifyCancelOrderMessage" sendUrl="https://b6318f782c52bda768d23f5a404b51b6:46b500e80f0deb116279047f2d9df084@moquidemo.myshopify.com/admin/api/2022-07/orders/" productStoreId="SHOPIFY_STORE" username="b6318f782c52bda768d23f5a404b51b6" password="46b500e80f0deb116279047f2d9df084"/>
    <moqui.service.message.SystemMessageRemote systemMessageRemoteId="DEMO_SHOPIFY_CALCULATE_REFUND_REMOTE" systemMessageTypeId="ShopifyCalculateRefundMessage" sendUrl="https://b6318f782c52bda768d23f5a404b51b6:46b500e80f0deb116279047f2d9df084@moquidemo.myshopify.com/admin/api/2022-07/orders/" productStoreId="SHOPIFY_STORE" username="b6318f782c52bda768d23f5a404b51b6" password="46b500e80f0deb116279047f2d9df084"/>
    <moqui.service.message.SystemMessageRemote systemMessageRemoteId="DEMO_SHOPIFY_REFUND_ORDER_REMOTE" systemMessageTypeId="ShopifyCreateRefundMessage" sendUrl="https://b6318f782c52bda768d23f5a404b51b6:46b500e80f0deb116279047f2d9df084@moquidemo.myshopify.com/admin/api/2022-07/orders/" productStoreId="SHOPIFY_STORE" username="b6318f782c52bda768d23f5a404b51b6" password="46b500e80f0deb116279047f2d9df084"/>
    <moqui.service.message.SystemMessageRemote systemMessageRemoteId="DEMO_SHOPIFY_CREATE_FULFILLMENT_REMOTE" systemMessageTypeId="ShopifyCreateFulfillmentMessage" sendUrl="https://b6318f782c52bda768d23f5a404b51b6:46b500e80f0deb116279047f2d9df084@moquidemo.myshopify.com/admin/api/2022-07/fulfillments.json" productStoreId="SHOPIFY_STORE" username="b6318f782c52bda768d23f5a404b51b6" password="46b500e80f0deb116279047f2d9df084"/>
    <moqui.service.message.SystemMessageRemote systemMessageRemoteId="DEMO_SHOPIFY_GET_ADDRESSES_REMOTE" systemMessageTypeId="ShopifyGetCustomerAddressesMessage" sendUrl="https://b6318f782c52bda768d23f5a404b51b6:46b500e80f0deb116279047f2d9df084@moquidemo.myshopify.com/admin/api/2022-07/customers/" productStoreId="SHOPIFY_STORE" username="b6318f782c52bda768d23f5a404b51b6" password="46b500e80f0deb116279047f2d9df084"/>
    <moqui.service.message.SystemMessageRemote systemMessageRemoteId="DEMO_SHOPIFY_GET_TRANSACTIONS_REMOTE" systemMessageTypeId="ShopifyGetOrderTransactionsMessage" sendUrl="https://b6318f782c52bda768d23f5a404b51b6:46b500e80f0deb116279047f2d9df084@moquidemo.myshopify.com/admin/api/2022-07/orders/" productStoreId="SHOPIFY_STORE" username="b6318f782c52bda768d23f5a404b51b6" password="46b500e80f0deb116279047f2d9df084"/>
    <moqui.service.message.SystemMessageRemote systemMessageRemoteId="DEMO_SHOPIFY_GET_FO_REMOTE" systemMessageTypeId="ShopifyGetFulfillmentOrderMessage" sendUrl="https://b6318f782c52bda768d23f5a404b51b6:46b500e80f0deb116279047f2d9df084@moquidemo.myshopify.com/admin/api/2022-07/orders/" productStoreId="SHOPIFY_STORE" username="b6318f782c52bda768d23f5a404b51b6" password="46b500e80f0deb116279047f2d9df084"/>
</entity-facade-xml>
