<?xml version="1.0" encoding="UTF-8"?>
<entity-facade-xml type="demo">
    <moqui.service.message.SystemMessageRemote systemMessageRemoteId="DEMO_SHOPIFY_PRODUCTS_REMOTE" systemMessageTypeId="ShopifyProductMessage" sendUrl="https://b6318f782c52bda768d23f5a404b51b6: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@moquidemo.myshopify.com/admin/api/2022-07/products.json" productStoreId="SHOPIFY_STORE" username="b6318f782c52bda768d23f5a404b51b6" password="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"/>
    <moqui.service.message.SystemMessageRemote systemMessageRemoteId="DEMO_SHOPIFY_PUT_PRODUCTS_REMOTE" systemMessageTypeId="ShopifyUpdateProductMessage" sendUrl="https://b6318f782c52bda768d23f5a404b51b6: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@moquidemo.myshopify.com/admin/api/2022-07/products/" productStoreId="SHOPIFY_STORE" username="b6318f782c52bda768d23f5a404b51b6" password="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"/>
    <moqui.service.message.SystemMessageRemote systemMessageRemoteId="DEMO_SHOPIFY_CREATE_COLLECTION_REMOTE" systemMessageTypeId="ShopifyCreateCollectionMessage" sendUrl="https://b6318f782c52bda768d23f5a404b51b6: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@moquidemo.myshopify.com/admin/api/2022-07/custom_collections.json" productStoreId="SHOPIFY_STORE" username="b6318f782c52bda768d23f5a404b51b6" password="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"/>
    <moqui.service.message.SystemMessageRemote systemMessageRemoteId="DEMO_SHOPIFY_DELETE_COLLECTION_REMOTE" systemMessageTypeId="ShopifyDeleteCollectionMessage" sendUrl="https://b6318f782c52bda768d23f5a404b51b6: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@moquidemo.myshopify.com/admin/api/2022-07/custom_collections/" productStoreId="SHOPIFY_STORE" username="b6318f782c52bda768d23f5a404b51b6" password="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"/>
    <moqui.service.message.SystemMessageRemote systemMessageRemoteId="DEMO_SHOPIFY_CREATE_COLLECT_REMOTE" systemMessageTypeId="ShopifyCreateCollectMessage" sendUrl="https://b6318f782c52bda768d23f5a404b51b6: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@moquidemo.myshopify.com/admin/api/2022-07/collects.json" productStoreId="SHOPIFY_STORE" username="b6318f782c52bda768d23f5a404b51b6" password="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"/>
    <moqui.service.message.SystemMessageRemote systemMessageRemoteId="DEMO_SHOPIFY_GET_COLLECTS_REMOTE" systemMessageTypeId="ShopifyGetCollectsMessage" sendUrl="https://b6318f782c52bda768d23f5a404b51b6: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@moquidemo.myshopify.com/admin/api/2022-07/collects.json?collection_id=" productStoreId="SHOPIFY_STORE" username="b6318f782c52bda768d23f5a404b51b6" password="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"/>
    <moqui.service.message.SystemMessageRemote systemMessageRemoteId="DEMO_SHOPIFY_DELETE_COLLECT_REMOTE" systemMessageTypeId="ShopifyDeleteCollectMessage" sendUrl="https://b6318f782c52bda768d23f5a404b51b6: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@moquidemo.myshopify.com/admin/api/2022-07/collects/" productStoreId="SHOPIFY_STORE" username="b6318f782c52bda768d23f5a404b51b6" password="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"/>
    <moqui.service.message.SystemMessageRemote systemMessageRemoteId="DEMO_SHOPIFY_GET_ORDERS_REMOTE" systemMessageTypeId="ShopifyGetOrdersMessage" sendUrl="https://b6318f782c52bda768d23f5a404b51b6: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@moquidemo.myshopify.com/admin/api/2022-07/orders.json?financial_status=" productStoreId="SHOPIFY_STORE" username="b6318f782c52bda768d23f5a404b51b6" password="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"/>
    <moqui.service.message.SystemMessageRemote systemMessageRemoteId="DEMO_SHOPIFY_SET_INVENTORY_REMOTE" systemMessageTypeId="ShopifySetInventoryMessage" sendUrl="https://b6318f782c52bda768d23f5a404b51b6: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@moquidemo.myshopify.com/admin/api/2022-07/inventory_levels/set.json" productStoreId="SHOPIFY_STORE" username="b6318f782c52bda768d23f5a404b51b6" password="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"/>
    <moqui.service.message.SystemMessageRemote systemMessageRemoteId="DEMO_SHOPIFY_PUT_CUSTOMER_REMOTE" systemMessageTypeId="ShopifyUpdateCustomerMessage" sendUrl="https://b6318f782c52bda768d23f5a404b51b6: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@moquidemo.myshopify.com/admin/api/2022-07/customers/" productStoreId="SHOPIFY_STORE" username="b6318f782c52bda768d23f5a404b51b6" password="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"/>
    <moqui.service.message.SystemMessageRemote systemMessageRemoteId="DEMO_SHOPIFY_CANCEL_ORDER_REMOTE" systemMessageTypeId="ShopifyCancelOrderMessage" sendUrl="https://b6318f782c52bda768d23f5a404b51b6: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@moquidemo.myshopify.com/admin/api/2022-07/orders/" productStoreId="SHOPIFY_STORE" username="b6318f782c52bda768d23f5a404b51b6" password="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"/>
    <moqui.service.message.SystemMessageRemote systemMessageRemoteId="DEMO_SHOPIFY_CALCULATE_REFUND_REMOTE" systemMessageTypeId="ShopifyCalculateRefundMessage" sendUrl="https://b6318f782c52bda768d23f5a404b51b6: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@moquidemo.myshopify.com/admin/api/2022-07/orders/" productStoreId="SHOPIFY_STORE" username="b6318f782c52bda768d23f5a404b51b6" password="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"/>
    <moqui.service.message.SystemMessageRemote systemMessageRemoteId="DEMO_SHOPIFY_REFUND_ORDER_REMOTE" systemMessageTypeId="ShopifyCreateRefundMessage" sendUrl="https://b6318f782c52bda768d23f5a404b51b6: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@moquidemo.myshopify.com/admin/api/2022-07/orders/" productStoreId="SHOPIFY_STORE" username="b6318f782c52bda768d23f5a404b51b6" password="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"/>
    <moqui.service.message.SystemMessageRemote systemMessageRemoteId="DEMO_SHOPIFY_CREATE_FULFILLMENT_REMOTE" systemMessageTypeId="ShopifyCreateFulfillmentMessage" sendUrl="https://b6318f782c52bda768d23f5a404b51b6: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@moquidemo.myshopify.com/admin/api/2022-07/fulfillments.json" productStoreId="SHOPIFY_STORE" username="b6318f782c52bda768d23f5a404b51b6" password="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"/>
    <moqui.service.message.SystemMessageRemote systemMessageRemoteId="DEMO_SHOPIFY_GET_ADDRESSES_REMOTE" systemMessageTypeId="ShopifyGetCustomerAddressesMessage" sendUrl="https://b6318f782c52bda768d23f5a404b51b6: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@moquidemo.myshopify.com/admin/api/2022-07/customers/" productStoreId="SHOPIFY_STORE" username="b6318f782c52bda768d23f5a404b51b6" password="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"/>
    <moqui.service.message.SystemMessageRemote systemMessageRemoteId="DEMO_SHOPIFY_GET_TRANSACTIONS_REMOTE" systemMessageTypeId="ShopifyGetOrderTransactionsMessage" sendUrl="https://b6318f782c52bda768d23f5a404b51b6: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@moquidemo.myshopify.com/admin/api/2022-07/orders/" productStoreId="SHOPIFY_STORE" username="b6318f782c52bda768d23f5a404b51b6" password="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"/>
    <moqui.service.message.SystemMessageRemote systemMessageRemoteId="DEMO_SHOPIFY_GET_FO_REMOTE" systemMessageTypeId="ShopifyGetFulfillmentOrderMessage" sendUrl="https://b6318f782c52bda768d23f5a404b51b6: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@moquidemo.myshopify.com/admin/api/2022-07/orders/" productStoreId="SHOPIFY_STORE" username="b6318f782c52bda768d23f5a404b51b6" password="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"/>

    <!-- PRODUCTS TO PROCESS SHOPIFY ORDERS-->
    <products productName="Shopify_Demo 1" pseudoId="100000" lastUpdatedStamp="1681492828234" productId="100000" productTypeEnumId="PtVirtual" ownerPartyId="ORG_ZIZI_RETAIL">
    <features fromDate="1681493087915" lastUpdatedStamp="1681493102038" productFeatureId="100000" applTypeEnumId="PfatStandard" thruDate="1681493089248"/>
    <features fromDate="1681493146056" lastUpdatedStamp="1681493178402" productFeatureId="100001" applTypeEnumId="PfatDistinguishing" thruDate="1681493146820"/>
    <features fromDate="1681493205338" lastUpdatedStamp="1681493211002" sequenceNum="1" productFeatureId="100002" applTypeEnumId="PfatStandard" thruDate="1681493206062"/>
    <features fromDate="1681493229737" lastUpdatedStamp="1681495009338" amount="1" sequenceNum="1" productFeatureId="ColorBlack" applTypeEnumId="PfatDistinguishing"/>
    <features fromDate="1681493256905" lastUpdatedStamp="1681495009338" amount="1" sequenceNum="2" productFeatureId="ColorBlue" applTypeEnumId="PfatDistinguishing"/>
    </products>
    <products productName="Shopify Demo 1 black" pseudoId="Shopify_Demo_1_Bl" lastUpdatedStamp="1681492828234" productId="100001" productTypeEnumId="PtVirtual" ownerPartyId="ORG_ZIZI_RETAIL">
    <features fromDate="1681493229737" lastUpdatedStamp="1681495009338" amount="1" sequenceNum="1" productFeatureId="ColorBlack" applTypeEnumId="PfatDistinguishing"/>
    <features fromDate="1681493256905" lastUpdatedStamp="1681495009338" amount="1" sequenceNum="2" productFeatureId="ColorBlue" applTypeEnumId="PfatDistinguishing"/>
    <identifications lastUpdatedStamp="1681496617262" productIdTypeEnumId="PidtVariantShopify" idValue="44890420576542"/>
    </products>
    <products productName="Shopify Demo 1 Blue" pseudoId="Shopify_Demo_1_Bu" lastUpdatedStamp="1681492828234" productId="100002" productTypeEnumId="PtVirtual" ownerPartyId="ORG_ZIZI_RETAIL">
    <features fromDate="1681493229737" lastUpdatedStamp="1681495009338" amount="1" sequenceNum="1" productFeatureId="ColorBlack" applTypeEnumId="PfatDistinguishing"/>
    <features fromDate="1681493256905" lastUpdatedStamp="1681495009338" amount="1" sequenceNum="2" productFeatureId="ColorBlue" applTypeEnumId="PfatDistinguishing"/>
    <identifications lastUpdatedStamp="1681496596667" productIdTypeEnumId="PidtVariantShopify" idValue="44890420609310"/>
    </products>


</entity-facade-xml>
